<?xml version="1.0" encoding="utf-8"?>
<!DOCTYPE install SYSTEM "http://dev.joomla.org/xml/1.5/module-install.dtd">
<install type="component" version="1.5">
	<name>VM_All-in-one</name>
	<creationDate>2011 05 04</creationDate>
	<author>Virtuemart Team - Kohl P. </author>
	<authorEmail>cyber__fr@hotmail.com</authorEmail>
	<authorUrl>http://www.virtuemart.net</authorUrl>
	<version>2.0.0</version>
	<description>Virtuemart payment plugin and module installer</description>

	<installfile>install.vmallinone.php</installfile>
	<uninstallfile>install.vmallinone.php</uninstallfile>
	
	<administration>
	<menu>VirtueMart plugins</menu>
		<submenu>
			<menu link="option=com_plugins&amp;filter_type=vmpayment">Configure Payment</menu>
			<menu link="option=com_plugins&amp;filter_type=vmshipper">Configure Shipper</menu>
		</submenu>

	<files folder="admin">	
		<filename>index.html</filename>
		<filename>install.sql</filename>
		<filename>install.1.6.sql</filename>
		<fielname>uninstall.sql</fielname>		
		<fielname>uninstall.1.6.sql</fielname>		
		<filename>install.vmallinone.php</filename>
		<filename>vminstall.php</filename>
		<filename>vm_all-in-one.php</filename>
		<folder>plugins</folder>
		<folder>modules</folder>
	</files>
	</administration>
	
</install>
